title,url,thumbnail_url,channel,description
"$1,000,000 Influencer Tournament!",https://www.youtube.com/watch?v=x9TQ6culXIA,https://i.ytimg.com/vi/x9TQ6culXIA/hqdefault.jpg?sqp=-oaymwEcCPYBEIoBSFXyq4qpAw4IARUAAIhCGAFwAcABBg==&rs=AOn4CLBoo831nfDVeib5RDxF7RfMp9gHxQ,MrBeast,That was so close at the end I can't believe that happened! ╔═╦╗╔╦╗╔═╦═╦╦╦╦╗╔═╗ ║╚╣║║║╚╣╚╣╔╣╔╣║╚╣═╣ ╠╗║╚╝║...
BTS Performs a Concert in the Crosswalk,https://www.youtube.com/watch?v=A8KQhwmdZIw,https://i.ytimg.com/vi/A8KQhwmdZIw/hqdefault.jpg?sqp=-oaymwEcCPYBEIoBSFXyq4qpAw4IARUAAIhCGAFwAcABBg==&rs=AOn4CLBV6heldR8gP4FNCYkJ-V21A3D12w,The Late Late Show with James Corden,"BTS has played the world's biggest venues and stages, but James Corden has a new forum for the international sensation: the crosswalk at Beverly Blvd. and Genesee Av. Watch as the group dazzles..."
Jake Paul & Tyron Woodley MVP Face 2 Face Interview with Ariel Helwani | Round 2 | SHOWTIME PPV,https://www.youtube.com/watch?v=Lsvbz5tlQlU,https://i.ytimg.com/vi/Lsvbz5tlQlU/hqdefault.jpg?sqp=-oaymwEcCPYBEIoBSFXyq4qpAw4IARUAAIhCGAFwAcABBg==&rs=AOn4CLCRg8SRHY1SDFJh4pA1wGSwIOYsgQ,SHOWTIME Sports,Jake Paul vs. Tyron Woodley II means another round of face-to-face with Ariel Helwani as the two stars let it all out unfiltered ahead of their SHOWTIME PPV rematch. #PaulWoodley is Saturday...
FNAF Security Breach Part 1 - RESCUED BY GLAMROCK FREDDY!,https://www.youtube.com/watch?v=xvawiYhSk2Q,,FusionZGamer,FNAF Security Breach Gameplay Walkthrough Part 1 We meet Glamrock Freddy and find out that he is friendly and wants to help us escape the Pizza Plex but Vanny is on our trail along with the...
"Tom Holland, Zendaya & Jacob Batalon Answer MORE of the Web's Most Searched Questions | WIRED",https://www.youtube.com/watch?v=iuOYz8zt9J4,,WIRED,"Spider-Man: No Way Home stars Tom Holland, Zendaya and Jacob Batalon are BACK to once again answer the web's (get it) most searched questions about Spider-Man and themselves. What color eyes..."
"Family took shelter in a underground, detached pre-fab bunker when tornado came through Bremen",https://www.youtube.com/watch?v=Ghh0ub7tOY8,,WHAS11,"Storm shelters are somewhat of a rarity in homes nowadays, but one family in Breman, Ky. said they wouldn't be here today if it wasn't for their shelter. Jordan Evans and his son Gage were..."
"Bobby Shmurda - Shmoney (Official Music Video) ft. Quavo, Rowdy Rebel",https://www.youtube.com/watch?v=C2gSvt0LNSs,,Bobby Shmurda,"Bobby Shmurda feat. Quavo & Rowdy Rebel - Shmoney (Official Music Video) ""Shmoney"" available at: https://BobbyShmurda.lnk.to/Shmoney Follow Bobby Shmurda: Instagram: https://www.instagram.com/it..."
FNAF SECURITY BREACH IS HERE & IT IS AMAZING!!!! | FNAF: Security Breach (Part 1),https://www.youtube.com/watch?v=-7gBhUbtXEU,,8-BitRyan,"Welcome finally to Five Nights At Freddy's: Security Breach. I can not believe it is here, the newest entry into the FNAF Franchise and I am completely blown away with how incredible this game..."
"SPIDERMAN No Way Home Ending Explained | Full Movie Breakdown, Post Credits Scene & Easter Eggs",https://www.youtube.com/watch?v=F0q6IslolVE,,Heavy Spoilers,"SPIDERMAN No Way Home Ending Explained | Full Movie Breakdown, Post Credits Scene & Easter Eggs. We review, recap, explain and breakdown Spider-Man No Way Home and discuss all the spoilers,..."
FNAF Security Breach Part 2 - HUNTED BY THE DAYCARE ATTENDANT,https://www.youtube.com/watch?v=lIDhuR-luZE,,FusionZGamer,FNAF Security Breach Gameplay Walkthrough Part 2 We meet the Daycare Attendant in the Super Star Daycare and get our first look at Vanny.. Game: https://store.steampowered.com/app/747660/Five_Nigh...
